	O	Si4	Si0
0	0.2211	0.1089	0.67
15	0.22713	0.11187	0.661
30	0.2479	0.1221	0.63
45	0.28944	0.14256	0.568
60	0.33567	0.16533	0.499
75	0.52729	0.25971	0.213
90	0.67	0.33	0
